{
  "mean_reward": 0.46544609048055985,
  "max_reward": 0.6728571428571428,
  "min_reward": 0.0,
  "rewards": [
    0.003912466843501355,
    0.6493215565796211,
    0.6308510638297873,
    0.6428344671201813,
    0.6728571428571428,
    0.6195624195624196,
    0.0,
    0.6300705467372134,
    0.6537878787878788,
    0.15126336248785227
  ]
}